{
  "Q(3,2)=[[13,6,3]]_3": [
    [
      0.0001,
      0.0,
      7.794282144485287e-07,
      200000,
      0,
      0,
      200000
    ],
    [
      0.0003,
      0.0,
      7.004573361996614e-06,
      200000,
      0,
      0,
      200000
    ],
    [
      0.001,
      0.000115,
      7.743013986056971e-05,
      199977,
      1,
      22,
      200000
    ],
    [
      0.003,
      0.00069,
      0.0006867285002683617,
      199862,
      3,
      135,
      200000
    ],
    [
      0.01,
      0.00702,
      0.007248943677935206,
      198596,
      52,
      1352,
      200000
    ],
    [
      0.03,
      0.05625905625905626,
      0.056374389046204294,
      104860,
      184,
      6067,
      111111
    ],
    [
      0.1,
      0.3771,
      0.37865501974180005,
      12458,
      291,
      7251,
      20000
    ]
  ],
  "Q(5,2)=[[31,15,6]]_5": [
    [
      0.0001,
      0.0,
      4.485570687301136e-09,
      200000,
      0,
      0,
      200000
    ],
    [
      0.0003,
      0.0,
      1.2060287244350706e-07,
      200000,
      0,
      0,
      200000
    ],
    [
      0.001,
      1e-05,
      4.401617142468524e-06,
      199998,
      0,
      2,
      200000
    ],
    [
      0.003,
      0.00015,
      0.00011396145293681853,
      199970,
      0,
      30,
      200000
    ],
    [
      0.01,
      0.003465,
      0.003646012208816218,
      199307,
      0,
      693,
      200000
    ],
    [
      0.03,
      0.065075,
      0.06507475720582327,
      186985,
      0,
      13015,
      200000
    ],
    [
      0.1,
      0.6129361293612936,
      0.6114143824771853,
      38706,
      0,
      61293,
      99999
    ]
  ]
}